{"cameraMode":{"drawMode":0,"name":"Shaded","section":"Shading Mode"},"sceneLighting":false,"audioPlay":false,"sceneViewState":{"showFog":true,"showMaterialUpdate":false,"showSkybox":true,"showFlares":true,"showImageEffects":true,"showParticleSystems":true},"in2DMode":false,"pivot":{"x":-0.059999994933605197,"y":0.0,"z":-0.22200000286102296},"rotation":{"x":-0.01852807030081749,"y":0.5513260364532471,"z":-0.012246737256646157,"w":-0.8339942097663879},"size":1.2547099590301514,"orthographic":false}