{"cameraMode":{"drawMode":0,"name":"Shaded","section":"Shading Mode"},"sceneLighting":false,"audioPlay":false,"sceneViewState":{"showFog":true,"showMaterialUpdate":false,"showSkybox":true,"showFlares":true,"showImageEffects":true,"showParticleSystems":true},"in2DMode":false,"pivot":{"x":-3.3424930572509767,"y":-2.086376428604126,"z":10.667201042175293},"rotation":{"x":-0.09683036059141159,"y":0.21384909749031068,"z":-0.02130746655166149,"w":-0.9718222618103027},"size":19.866302490234376,"orthographic":false}