{"cameraMode":{"drawMode":0,"name":"Shaded","section":"Shading Mode"},"sceneLighting":false,"audioPlay":false,"sceneViewState":{"showFog":true,"showMaterialUpdate":false,"showSkybox":true,"showFlares":true,"showImageEffects":true,"showParticleSystems":true},"in2DMode":false,"pivot":{"x":-3.5999999046325685,"y":0.0,"z":-0.1899999976158142},"rotation":{"x":-0.14295461773872376,"y":0.05995475500822067,"z":-0.008674674667418003,"w":-0.9878736138343811},"size":1.3476954698562623,"orthographic":false}